{
  "experiment1": {
    "kl_slope": 0.020609871907667693,
    "kl_slope_ci": [
      -0.029780382853841745,
      0.06721547555584657
    ],
    "kl_pvalue": 0.40049204449223275,
    "kl_r_squared": 0.0037231068429916226,
    "spearman_rho": 0.09322228223053837,
    "spearman_p": 0.19841048458044044,
    "js_slope": 7.161381419258888e-06,
    "js_pvalue": 0.9271596732330449,
    "overlap_slope": 6.3131313131312225e-06,
    "overlap_pvalue": 0.9885893596406018,
    "turn0_kl_mean": 8.355627715587616,
    "turnN_kl_mean": 9.156655271848043,
    "cohens_d": -0.6708705963791385,
    "summary_by_turn": {
      "0": {
        "mean": 8.355627715587616,
        "std": 0.9866352586623812
      },
      "1": {
        "mean": 9.322897255420685,
        "std": 1.2865277562565578
      },
      "2": {
        "mean": 9.588496565818787,
        "std": 1.399039752733305
      },
      "3": {
        "mean": 9.3612073858579,
        "std": 1.3846808497954013
      },
      "5": {
        "mean": 9.346777935822805,
        "std": 1.424184305857852
      },
      "7": {
        "mean": 9.323256889979044,
        "std": 1.4451505403266915
      },
      "10": {
        "mean": 9.307006895542145,
        "std": 1.4489803289668048
      },
      "12": {
        "mean": 9.156655271848043,
        "std": 1.4148678808856894
      }
    }
  },
  "experiment2": {
    "Safety Refusal": {
      "slope": 0.0,
      "pvalue": NaN,
      "r_squared": NaN,
      "spearman_rho": NaN,
      "spearman_p": NaN,
      "turn0_mean": 1.0,
      "turnN_mean": 1.0
    },
    "Instruction Compliance": {
      "slope": 0.0,
      "pvalue": NaN,
      "r_squared": NaN,
      "spearman_rho": NaN,
      "spearman_p": NaN,
      "turn0_mean": 1.0,
      "turnN_mean": 1.0
    },
    "Persona Maintenance": {
      "slope": -0.004464285714285714,
      "pvalue": 0.3577106044405117,
      "r_squared": 0.015686274509803925,
      "spearman_rho": -0.12524485821702988,
      "spearman_p": 0.3577106044405118,
      "turn0_mean": 0.9375,
      "turnN_mean": 0.875
    }
  },
  "timestamp": "2026-03-22T09:42:28.652439"
}